	Prince Fred_Y	Nicolas II Romanov_Y	Alexei Romanov_Y	Anastasia4 son_Y	Farmers grandson_Y	Grigori Rasputin_Y
Prince Fred_Y	.	15.32668782376574	15.32668782376574	2.8670939037751513	2.0310376508266565	1.397280503424764
Nicolas II Romanov_Y	15.32668782376574	.	1.8137775944908174	15.32668782376574	15.32668782376574	15.32668782376574
Alexei Romanov_Y	15.32668782376574	1.8137775944908174	.	15.32668782376574	2.8670939037751513	1.8137775944908174
Anastasia4 son_Y	2.8670939037751513	15.32668782376574	15.32668782376574	.	15.32668782376574	2.8670939037751513
Farmers grandson_Y	2.0310376508266565	15.32668782376574	2.8670939037751513	15.32668782376574	.	0.3831192178244929
Grigori Rasputin_Y	1.397280503424764	15.32668782376574	1.8137775944908174	2.8670939037751513	0.3831192178244929	.
