	Prince Fred_Y	Nicolas II Romanov_Y	Alexei Romanov_Y	Anastasia4 son_Y	Farmers grandson_Y	Grigori Rasputin_Y
Prince Fred_Y	.	0.8687996031746031	0.8484623015873016	0.9806547619047619	0.8571428571428572	0.7976190476190477
Nicolas II Romanov_Y	0.8687996031746031	.	0.40399385560675893	0.8382936507936508	0.7261904761904763	0.7162698412698413
Alexei Romanov_Y	0.8484623015873016	0.40399385560675893	.	0.9704861111111112	0.7380952380952381	0.6959325396825398
Anastasia4 son_Y	0.9806547619047619	0.8382936507936508	0.9704861111111112	.	1.0	0.9806547619047619
Farmers grandson_Y	0.8571428571428572	0.7261904761904763	0.7380952380952381	1.0	.	0.0
Grigori Rasputin_Y	0.7976190476190477	0.7162698412698413	0.6959325396825398	0.9806547619047619	0.0	.
