	Prince Fred_Y	Nicolas II Romanov_Y	Alexei Romanov_Y	Anastasia4 son_Y	Farmers grandson_Y	Grigori Rasputin_Y
Prince Fred_Y	.	1.0	0.8764812211287407	0.7941353685479011	0.6941152841936131	0.6459128339023901
Nicolas II Romanov_Y	1.0	.	0.7989167406332403	0.9752962442257481	0.9062060654749949	0.8764812211287407
Alexei Romanov_Y	0.8764812211287407	0.7989167406332403	.	0.9752962442257481	0.7905201847760595	0.7529624422574814
Anastasia4 son_Y	0.7941353685479011	0.9752962442257481	0.9752962442257481	.	0.8098011648925487	0.7941353685479011
Farmers grandson_Y	0.6941152841936131	0.9062060654749949	0.7905201847760595	0.8098011648925487	.	0.0
Grigori Rasputin_Y	0.6459128339023901	0.8764812211287407	0.7529624422574814	0.7941353685479011	0.0	.
